Time,GPS_lat,GPS_long,Speed,Steer,Heading,Acc,Angular_velocity
0.040329933166503906,10.869717,106.802475,0.0,0.0,359.9375,-0.01,-0.125
0.0837094783782959,0.0,0.0,0.0,0.0,359.9375,0.01,0.125
0.11339163780212402,0.0,0.0,0.0,0.0,359.9375,0.0,-0.0625
0.15498828887939453,10.869717,106.802475,0.0,0.0,359.9375,0.0,-0.0
0.346207857131958,0.0,0.0,0.0,0.0,359.9375,0.0,-0.0
0.5397014617919922,0.0,0.0,0.0,0.0,359.9375,0.01,-0.0
0.5798604488372803,10.869717,106.802475,0.0,0.0,359.9375,-0.01,0.0625
0.7582230567932129,10.869717,106.802475,0.0,0.0,359.9375,-0.01,-0.125
0.7935497760772705,0.0,0.0,0.0,0.0,359.9375,-0.01,-0.0625
0.8359136581420898,0.0,0.0,0.0,0.0,359.9375,0.0,-0.0
1.008690595626831,10.869717,106.802475,0.0,0.0,359.9375,-0.03,-0.0
1.0485403537750244,10.869717,106.802475,0.0,0.0,359.9375,-0.03,-0.0
1.2187433242797852,10.869717,106.802475,0.0,0.0,359.9375,0.0,-0.0
1.2598867416381836,10.869717,106.802475,0.0,0.0,359.9375,0.0,0.0625
1.3077056407928467,0.0,0.0,0.0,0.0,359.9375,-0.03,-0.0
1.334629774093628,0.0,0.0,0.0,0.0,359.9375,-0.02,0.0625
1.3618862628936768,0.0,0.0,0.0,0.0,359.9375,0.0,0.125
1.5510244369506836,10.869717,106.802475,0.0,0.0,359.9375,0.0,0.125
1.7222261428833008,0.0,0.0,0.0,0.0,359.9375,0.0,-0.0
1.768083095550537,0.0,0.0,0.0,0.0,359.9375,-0.01,-0.0625
1.7957425117492676,0.0,0.0,0.0,0.0,359.9375,0.0,-0.0
1.9939866065979004,10.869717,106.802467,0.0,0.0,359.9375,0.0,-0.0
2.1759049892425537,10.869717,106.802467,0.0,0.0,359.9375,-0.02,-0.0
2.3738179206848145,10.869717,106.802467,0.0,0.0,359.9375,-0.02,-0.0
2.5452322959899902,10.869717,106.802467,0.0,0.0,359.9375,-0.02,-0.0
2.7305684089660645,10.869717,106.802467,0.0,0.0,359.9375,-0.02,-0.0
2.9026107788085938,10.869717,106.802467,0.0,0.0,359.9375,-0.02,-0.0
2.929412364959717,10.869717,106.802467,0.0,0.0,359.9375,-0.02,0.125
3.1340198516845703,10.869717,106.802467,0.0,0.0,359.9375,0.0,0.125
3.309063196182251,10.869717,106.802467,0.0,0.0,359.9375,0.0,0.0625
3.3502397537231445,0.0,0.0,0.0,0.0,359.9375,-0.01,0.0625
3.3899166584014893,0.0,0.0,0.0,0.0,359.9375,0.0,-0.125
3.581690549850464,10.869717,106.802467,0.0,0.0,359.9375,0.0,0.0625
3.7536847591400146,10.869717,106.802467,0.0,0.0,359.9375,0.0,0.0625
3.7808945178985596,10.869717,106.802467,0.0,0.0,359.9375,0.0,0.0625
3.9560248851776123,10.869717,106.802467,0.0,0.0,359.9375,0.0,0.0625
4.00024676322937,10.869717,106.802467,0.0,0.0,359.9375,0.0,0.0625
4.174680233001709,10.869717,106.802467,0.0,0.0,359.9375,0.2,0.0625
4.21556544303894,10.869717,106.802467,0.0,0.0,359.9375,0.13,0.0625
4.242505311965942,0.0,0.0,0.068329,0.0,359.9375,-0.03,-0.0
4.43126654624939,0.0,0.0,0.0,0.0,359.9375,-0.01,-0.125
4.479896068572998,0.0,0.0,0.0,0.0,359.9375,0.0,-0.0
4.659497499465942,10.869717,106.802467,0.0,0.0,359.9375,0.0,-0.0
4.844543933868408,10.869717,106.802467,0.0,0.0,359.9375,0.0,-0.0
5.01938533782959,10.869717,106.802467,0.0,0.0,359.9375,0.0,-0.0
5.211375951766968,10.869717,106.802467,0.017082,0.0,359.9375,0.0,-0.0
5.416175603866577,0.0,0.0,0.0,0.0,359.9375,0.03,-0.0
5.587088584899902,0.0,0.0,0.051247,0.0,359.9375,0.0,0.0625
5.638285160064697,0.0,0.0,0.068329,0.0,359.9375,-0.01,-0.0625
5.665212869644165,10.869717,106.802467,0.068329,0.0,359.9375,0.02,-0.0
5.8340771198272705,0.0,0.0,0.085412,0.0,359.9375,0.18,-0.0
6.014279842376709,0.0,0.0,0.085412,0.0,359.9375,0.18,0.0625
6.205487966537476,10.869717,106.802467,0.085412,0.0,359.9375,0.13,0.1875
6.38201904296875,10.869717,106.802467,0.085412,0.0,359.9375,0.16,0.1875
6.568743944168091,10.869717,106.802467,0.085412,0.0,359.9375,0.14,-0.0625
6.59417724609375,10.869717,106.802467,0.085412,0.0,359.9375,-0.03,-0.25
6.632199287414551,10.869717,106.802467,0.085412,0.0,359.9375,0.01,0.25
6.817341089248657,0.0,0.0,1.059105,0.0,359.875,0.04,0.1875
6.842849969863892,0.0,0.0,1.383669,0.0,359.375,0.04,-1.25
7.0158069133758545,10.869717,106.802467,1.434916,-10.0,358.6875,-0.11,-1.5625
7.203230857849121,10.869717,106.802467,1.434916,-10.0,357.8125,-0.04,-2.9375
7.241093158721924,10.869717,106.802467,1.82781,-10.0,357.375,0.1,-3.6875
7.267819166183472,0.0,0.0,2.084045,-10.0,354.4375,0.23,-5.3125
7.310243606567383,0.0,0.0,2.271951,-10.0,350.4375,0.34,-6.5625
7.496453762054443,0.0,0.0,2.938162,-10.0,346.3125,-0.04,-7.25
7.661106109619141,10.869717,106.802467,2.886915,-10.0,346.3125,-0.04,-7.75
7.829683542251587,10.869717,106.802467,2.886915,-10.0,346.3125,-0.04,-7.0625
7.867097616195679,10.869717,106.802467,2.886915,-10.0,339.125,-0.15,-9.4375
8.003827810287476,10.869717,106.802467,2.886915,-10.0,337.25,0.11,-8.875
8.028781652450562,0.0,0.0,3.928937,-10.0,331.0625,0.34,-9.8125
8.144806385040283,0.0,0.0,4.151008,-10.0,324.4375,0.15,-10.9375
8.266419410705566,0.0,0.0,4.321831,-10.0,317.75,-0.12,-10.6875
8.380180358886719,0.0,0.0,4.560984,-10.0,310.6875,-0.04,-11.875
8.420652866363525,0.0,0.0,4.526819,-10.0,303.5625,-0.4,-11.75
8.54409670829773,0.0,0.0,4.629313,-10.0,296.4375,-0.54,-12.125
8.58296513557434,10.869667,106.802383,4.731807,-10.0,295.0,-0.2,-11.5625
8.621597051620483,0.0,0.0,4.697643,-10.0,289.4375,0.06,-6.875
8.811183452606201,0.0,0.0,4.646396,-10.0,285.125,0.29,-7.0625
8.849352598190308,0.0,0.0,4.817219,0.0,281.625,0.25,-7.125
8.874189138412476,10.869667,106.802383,4.953878,0.0,280.375,0.45,-6.25
9.06410527229309,10.869667,106.802383,4.953878,0.0,279.625,0.4,-3.375
9.249579429626465,0.0,0.0,4.834301,0.0,279.4375,-0.06,-0.375
9.274977445602417,0.0,0.0,4.936795,0.0,279.4375,0.45,-0.125
9.300327777862549,10.869667,106.802383,5.022207,0.0,279.4375,0.17,0.5
9.324992179870605,10.869667,106.802383,5.022207,0.0,279.4375,-0.07,-0.0
9.363049507141113,10.869667,106.802383,5.022207,0.0,279.4375,-0.07,-0.0
9.543692350387573,10.869667,106.802383,5.022207,0.0,279.3125,0.26,-0.5
9.581502199172974,10.869667,106.802383,5.26136,0.0,279.3125,-0.05,-0.5
9.630610227584839,0.0,0.0,5.295525,0.0,279.25,0.4,-0.1875
9.801929235458374,0.0,0.0,5.380936,0.0,279.25,0.14,-0.0625
9.984094858169556,0.0,0.0,5.398018,0.0,279.25,0.71,-0.0
10.009553670883179,10.869667,106.802383,5.415101,0.0,279.25,0.38,-0.0
10.195024013519287,0.0,0.0,5.585924,0.0,279.25,0.3,-0.0
10.223256826400757,0.0,0.0,5.534678,0.0,278.9375,-0.19,-1.0625
10.406502723693848,0.0,0.0,5.688418,0.0,275.8125,-0.75,-6.6875
10.455614566802979,10.869667,106.802383,5.807994,0.0,275.8125,-0.75,-6.75
10.481516361236572,10.869667,106.802383,5.807994,0.0,275.8125,-0.75,-6.75
10.521209716796875,10.869667,106.802383,5.807994,0.0,272.125,0.32,-6.75
10.546270370483398,10.869667,106.802383,5.534678,0.0,272.125,0.15,-0.0
10.720650672912598,0.0,0.0,5.568841,0.0,269.3125,-0.05,-6.1875
10.746613025665283,0.0,0.0,5.722583,0.0,265.0625,-0.06,-6.4375
10.935539245605469,0.0,0.0,5.77383,0.0,258.125,0.01,-14.5625
10.96017575263977,10.869667,106.802383,5.77383,0.0,256.5625,0.41,-14.875
11.007909774780273,0.0,0.0,5.842159,-5.0,249.1875,0.26,-13.6875
11.047829389572144,0.0,0.0,5.807994,-5.0,243.1875,0.4,-7.125
11.23924732208252,0.0,0.0,5.585924,-5.0,242.0,0.02,0.125
11.263628244400024,10.86935,106.802406,5.705501,-5.0,242.0,1.03,-0.0625
11.30241084098816,0.0,0.0,5.927571,-5.0,241.9375,-0.13,-0.0625
11.339648008346558,0.0,0.0,5.688418,-5.0,241.625,0.37,-2.25
11.365998983383179,0.0,0.0,5.978818,-5.0,237.625,0.92,-6.5
11.553340911865234,0.0,0.0,5.842159,-5.0,233.4375,0.37,-7.25
11.592532396316528,0.0,0.0,5.654253,-5.0,229.3125,-0.31,-6.875
11.766743183135986,0.0,0.0,5.466348,-5.0,225.3125,0.67,-6.375
11.961155891418457,10.86935,106.802406,5.363854,-5.0,223.25,-0.27,-6.5
12.130668640136719,10.86935,106.802406,5.534678,-5.0,222.25,0.01,-8.875
12.169132947921753,0.0,0.0,5.466348,-5.0,214.5,0.78,-13.75
12.319324493408203,0.0,0.0,5.227195,-5.0,208.625,0.55,-8.375
12.348112106323242,0.0,0.0,5.073454,-5.0,204.0625,0.67,-7.25
12.387620449066162,0.0,0.0,5.022207,-5.0,199.8125,0.46,-7.5625
12.50688123703003,0.0,0.0,4.783054,-5.0,196.9375,0.86,-1.375
12.533731460571289,0.0,0.0,4.45849,-5.0,196.875,0.6,0.0625
12.573952674865723,10.86935,106.802406,4.492655,-5.0,196.8125,0.37,-0.0
12.685957670211792,10.86935,106.802406,4.424325,-5.0,196.8125,0.81,-0.0
12.81805944442749,0.0,0.0,4.390161,-5.0,196.8125,0.67,-0.0
12.868130445480347,0.0,0.0,4.390161,-5.0,196.75,0.61,-0.5
12.893688917160034,0.0,0.0,4.390161,-5.0,195.75,0.7,-3.5
13.016383647918701,0.0,0.0,4.390161,0.0,192.9375,0.65,-4.5625
13.156292915344238,0.0,0.0,3.809361,0.0,190.9375,0.37,-1.6875
13.272297859191895,10.86935,106.802406,3.809361,0.0,190.9375,0.49,0.3125
13.30657958984375,10.86935,106.802406,3.809361,0.0,190.875,0.46,-0.0625
13.34701132774353,0.0,0.0,3.809361,0.0,190.75,0.26,0.0625
13.387331247329712,0.0,0.0,3.809361,0.0,190.6875,0.11,-0.125
13.436005115509033,10.86935,106.802406,3.809361,0.0,190.6875,0.11,-0.0625
13.470208168029785,10.86935,106.802406,3.809361,0.0,190.625,0.02,-0.0625
13.50112533569336,10.86935,106.802406,3.809361,0.0,190.625,0.19,-0.0
13.54103422164917,0.0,0.0,3.809361,0.0,190.625,0.13,0.1875
13.647649765014648,0.0,0.0,3.809361,0.0,190.5,0.06,0.1875
13.765294790267944,10.86935,106.802406,3.809361,0.0,190.5,0.15,-0.25
13.881349563598633,10.86935,106.802406,3.809361,0.0,190.5,0.29,0.0625
13.929273843765259,10.86935,106.802406,3.809361,0.0,190.5,0.23,-0.3125
13.958770513534546,10.86935,106.802406,3.809361,0.0,190.5,0.02,-0.1875
14.070404052734375,10.86935,106.802406,3.809361,0.0,190.4375,0.27,0.25
14.192489862442017,10.86935,106.802406,3.809361,0.0,190.4375,-0.05,-0.125
14.293111801147461,0.0,0.0,3.809361,0.0,190.375,-0.2,0.1875
14.33889627456665,0.0,0.0,1.913222,0.0,190.4375,0.06,0.25
14.438977003097534,10.86935,106.802406,1.913222,0.0,190.5625,0.18,0.6875
14.546278715133667,10.86935,106.802406,1.913222,0.0,190.5625,0.18,0.6875
14.662721157073975,10.86935,106.802406,1.913222,0.0,190.9375,-0.15,0.6875
14.778709411621094,10.86935,106.802406,1.913222,0.0,191.0,-0.15,-0.0
14.88328242301941,0.0,0.0,1.913222,0.0,192.125,0.23,1.5
15.01357126235962,0.0,0.0,1.913222,0.0,193.4375,-0.09,1.6875
15.055116891860962,10.86935,106.802406,1.913222,0.0,193.6875,0.14,0.8125
15.185638666152954,10.86935,106.802406,1.913222,0.0,193.6875,0.14,0.8125
15.314924955368042,10.86935,106.802406,1.913222,0.0,194.0,-0.06,0.8125
15.452347993850708,10.86935,106.802406,1.913222,0.0,194.0,-0.1,0.375
15.573737382888794,0.0,0.0,1.913222,0.0,193.9375,-0.1,-0.0
15.714817523956299,0.0,0.0,1.913222,0.0,193.9375,0.08,-0.125
15.84801435470581,10.86935,106.802406,1.913222,0.0,193.9375,0.14,-0.125
15.878243446350098,10.86935,106.802406,1.913222,0.0,193.9375,0.14,-0.125
15.90556526184082,10.86935,106.802406,1.913222,0.0,193.875,0.13,-0.125
16.03317618370056,10.86935,106.802406,0.0,0.0,193.875,0.09,0.0625
16.062085151672363,0.0,0.0,0.0,0.0,193.875,0.1,-0.0
16.099182844161987,0.0,0.0,0.0,0.0,193.875,0.1,-0.0625
16.14433789253235,0.0,0.0,0.0,0.0,193.875,-0.07,-0.0
16.27031373977661,10.86935,106.802406,0.0,0.0,193.875,0.1,-0.0
16.313761711120605,10.86935,106.802406,0.0,0.0,193.875,0.08,-0.0625
16.43195939064026,10.86935,106.802406,0.0,0.0,193.875,0.11,0.0625
16.46108102798462,10.86935,106.802406,0.0,0.0,193.875,0.11,-0.0625
16.579824447631836,10.86935,106.802406,0.0,0.0,193.875,0.08,-0.0
16.607682704925537,10.86935,106.802406,0.0,0.0,193.875,0.1,0.0625
16.635331392288208,0.0,0.0,0.0,0.0,193.875,0.09,-0.125
16.663175106048584,0.0,0.0,0.0,0.0,193.875,0.11,-0.0625
16.780863046646118,10.86935,106.802406,0.0,0.0,193.875,0.09,-0.0625
16.828500032424927,10.86935,106.802406,0.0,0.0,193.875,0.09,-0.0625
16.94982147216797,10.86935,106.802406,0.0,0.0,193.875,0.1,-0.0625
16.979822397232056,10.86935,106.802406,0.0,0.0,193.875,0.09,0.0625
17.101366758346558,0.0,0.0,0.0,0.0,193.875,0.08,0.125
17.228075981140137,0.0,0.0,0.0,0.0,193.875,0.09,-0.0625
17.257593154907227,10.86935,106.802406,0.0,0.0,193.875,0.11,0.0625
17.372145891189575,10.86935,106.802406,0.0,0.0,193.875,0.11,0.0625
17.40020251274109,10.86935,106.802406,0.0,0.0,193.875,0.11,0.0625
17.518078565597534,10.86935,106.802406,0.0,0.0,193.875,0.11,0.0625
17.54872751235962,10.86935,106.802406,0.0,0.0,193.875,0.11,0.0625
17.67027449607849,10.86935,106.802406,0.0,0.0,193.875,0.11,-0.0
17.706279754638672,10.869267,106.802696,-0.051247,0.0,193.875,0.11,0.0625
17.824823141098022,0.0,0.0,0.0,0.0,193.875,0.09,0.125
17.852874755859375,0.0,0.0,0.0,0.0,193.875,0.09,0.0625
17.957273244857788,0.0,0.0,0.0,0.0,193.875,0.1,-0.0625
18.00296401977539,10.869267,106.802696,0.0,0.0,193.875,0.1,-0.0625
18.106319427490234,0.0,0.0,0.0,0.0,193.875,0.09,-0.0
18.222569465637207,0.0,0.0,0.0,0.0,193.875,0.11,0.125
18.339488744735718,10.869267,106.802696,0.0,0.0,193.875,0.1,-0.0
18.445561408996582,10.869267,106.802696,0.0,0.0,193.875,0.12,-0.0625
18.486127853393555,0.0,0.0,0.0,0.0,193.875,0.09,-0.0
18.529600143432617,0.0,0.0,0.0,0.0,193.875,0.08,0.0625
18.631094932556152,10.869267,106.802696,0.0,0.0,193.875,0.15,-0.0
18.769396543502808,10.869267,106.802696,0.0,0.0,193.875,0.15,-0.0
18.87152600288391,10.869267,106.802696,0.0,0.0,193.875,0.11,0.0625
18.97199296951294,10.869267,106.802696,0.0,0.0,193.875,0.06,-0.0
19.016829013824463,0.0,0.0,0.0,0.0,193.875,0.12,-0.125
19.127524614334106,0.0,0.0,0.0,0.0,193.875,0.1,-0.125
19.178118228912354,10.869267,106.802696,0.0,0.0,193.875,0.11,0.125
19.205148696899414,10.869267,106.802696,0.0,0.0,193.875,0.08,-0.0625
19.319661855697632,0.0,0.0,0.0,0.0,193.875,0.09,-0.0625
19.446559190750122,0.0,0.0,0.0,0.0,193.875,0.09,-0.0625
19.48899245262146,0.0,0.0,0.0,0.0,193.875,0.11,-0.0625
19.51604461669922,10.869267,106.802696,0.0,0.0,193.875,0.1,-0.0625
19.54543137550354,10.869267,106.802696,0.0,0.0,193.875,0.1,-0.125
19.667423009872437,10.869267,106.802696,0.0,0.0,193.875,0.09,-0.0
19.69549012184143,0.0,0.0,0.0,0.0,193.875,0.1,-0.125
19.7236909866333,0.0,0.0,0.0,0.0,193.875,0.11,-0.0
19.84390640258789,10.869267,106.802696,0.0,0.0,193.875,0.08,-0.0625
19.87172293663025,10.869267,106.802696,0.0,0.0,193.875,0.1,0.0625
20.004488468170166,0.0,0.0,0.0,0.0,193.875,0.1,0.0625
20.10762643814087,0.0,0.0,0.0,0.0,193.875,0.11,-0.125
20.13705801963806,10.869267,106.802696,0.0,0.0,193.875,0.1,-0.0625
20.261525869369507,0.0,0.0,0.0,0.0,193.875,0.1,-0.0625
20.371448755264282,0.0,0.0,0.0,0.0,193.875,0.1,-0.0625
20.40123748779297,0.0,0.0,0.0,0.0,193.875,0.1,-0.0
20.50697135925293,10.869267,106.802696,0.0,0.0,193.875,0.1,0.0625
20.536863088607788,10.869267,106.802696,0.0,0.0,193.875,0.1,0.0625
20.65974712371826,10.869267,106.802696,0.0,0.0,193.875,0.11,-0.125
20.692182302474976,10.869267,106.802696,0.0,0.0,193.875,0.11,-0.25
20.721516370773315,0.0,0.0,0.0,0.0,193.875,0.09,0.125
20.835331201553345,0.0,0.0,0.0,0.0,193.875,0.1,-0.0625
20.937307357788086,10.869267,106.802711,0.0,0.0,193.875,0.11,0.0625
21.056824207305908,0.0,0.0,0.0,0.0,193.875,0.1,-0.0625
21.085710525512695,0.0,0.0,0.0,0.0,193.875,0.11,0.125
21.113720655441284,0.0,0.0,0.0,0.0,193.875,0.1,0.0625
21.141764402389526,10.869267,106.802696,0.0,0.0,193.875,0.12,-0.0625
21.185831546783447,0.0,0.0,0.0,0.0,193.875,0.11,-0.1875
21.30643582344055,0.0,0.0,0.0,0.0,193.875,0.08,-0.0
21.425925493240356,0.0,0.0,0.0,0.0,193.875,0.08,-0.0625
21.45479440689087,0.0,0.0,0.0,0.0,193.875,0.1,-0.125
21.48453950881958,0.0,0.0,0.0,0.0,193.875,0.08,-0.0
21.515588521957397,10.869267,106.802696,0.0,0.0,193.875,0.11,-0.125
21.634016513824463,10.869267,106.802696,0.0,0.0,193.875,0.11,-0.125
21.75126028060913,10.869267,106.802696,0.0,0.0,193.875,0.17,-0.125
21.869673490524292,10.869267,106.802696,0.0,0.0,193.875,0.17,-0.125
21.897714138031006,10.869267,106.802696,0.0,0.0,193.875,0.17,-0.125
22.0234272480011,10.869267,106.802696,0.0,0.0,193.875,0.11,-0.125
22.051990509033203,10.869267,106.802696,0.017082,0.0,193.875,0.1,-0.0
22.097366333007812,0.0,0.0,0.017082,0.0,193.875,0.09,0.0625
22.123937606811523,0.0,0.0,0.0,0.0,193.875,0.1,-0.0625
22.150365829467773,0.0,0.0,0.0,0.0,193.875,0.1,-0.0625
22.284435749053955,10.869267,106.802696,0.0,0.0,193.875,0.11,-0.0625
22.328673839569092,0.0,0.0,0.0,0.0,193.875,0.1,0.0625
22.440596103668213,0.0,0.0,0.0,0.0,193.875,0.11,-0.0
22.470258951187134,0.0,0.0,0.0,0.0,193.875,0.11,-0.0
22.60340714454651,10.869267,106.802696,0.0,0.0,193.875,0.1,-0.0
22.632159948349,10.869267,106.802696,0.0,0.0,193.875,0.1,-0.0
22.75331711769104,10.869267,106.802696,0.0,0.0,193.875,0.1,-0.0
22.78179955482483,10.869267,106.802696,0.0,0.0,193.875,0.1,-0.0
22.810417652130127,10.869267,106.802696,0.0,0.0,193.875,0.1,-0.0
22.846824884414673,10.869267,106.802696,0.0,0.0,193.875,0.1,0.0625
22.964460849761963,10.869267,106.802696,0.0,0.0,193.875,0.12,0.0625
22.994226694107056,0.0,0.0,0.0,0.0,193.875,0.11,-0.0
23.111749410629272,0.0,0.0,0.0,0.0,193.875,0.1,0.0625
23.238117933273315,10.869267,106.802696,0.0,0.0,193.875,0.11,0.125
23.35586380958557,10.869267,106.802696,0.0,0.0,193.875,0.11,0.125
23.47830867767334,10.869267,106.802696,0.0,0.0,193.875,0.1,0.125
23.50625443458557,10.869267,106.802696,0.0,0.0,193.875,0.11,-0.0625
23.626043796539307,0.0,0.0,0.0,0.0,193.875,0.1,-0.0625
23.65364122390747,0.0,0.0,0.0,0.0,193.875,0.1,0.125
23.792943000793457,0.0,0.0,0.0,0.0,193.875,0.11,0.0625
23.919363260269165,10.869267,106.802696,0.0,0.0,193.875,0.11,-0.0
23.9479877948761,0.0,0.0,0.0,0.0,193.875,0.1,-0.0
24.067859172821045,0.0,0.0,0.0,0.0,193.875,0.1,0.0625
24.184654712677002,0.0,0.0,0.0,0.0,193.875,0.1,-0.0625
24.306153535842896,10.869267,106.802696,0.0,0.0,193.875,0.1,0.0625
24.428968906402588,10.869267,106.802696,0.0,0.0,193.875,0.1,0.0625
24.45757818222046,10.869267,106.802696,0.0,0.0,193.875,0.11,-0.0625
24.576809644699097,10.869267,106.802696,0.0,0.0,193.875,0.1,-0.0
24.698697090148926,0.0,0.0,0.0,0.0,193.875,0.1,-0.0
24.726572275161743,0.0,0.0,0.0,0.0,193.875,0.1,0.125
24.753886938095093,10.869267,106.802696,0.0,0.0,193.875,0.11,-0.0
24.781620979309082,10.869267,106.802696,0.0,0.0,193.875,0.11,-0.0625
24.81032943725586,0.0,0.0,0.0,0.0,193.875,0.1,-0.0
24.841914415359497,0.0,0.0,0.0,0.0,193.875,0.11,-0.125
24.95606565475464,10.869267,106.802696,0.0,0.0,193.875,0.1,-0.0
24.98384928703308,0.0,0.0,0.0,0.0,193.875,0.11,-0.0625
25.015214443206787,0.0,0.0,0.0,0.0,193.875,0.09,-0.0
25.043270587921143,0.0,0.0,0.0,0.0,193.875,0.1,-0.0
25.155686140060425,10.869267,106.802696,0.0,0.0,193.875,0.11,-0.0
25.274765253067017,10.869267,106.802696,0.0,0.0,193.875,0.11,-0.0
25.302648782730103,10.869267,106.802696,0.0,0.0,193.875,0.1,0.0625
25.33127760887146,10.869267,106.802696,0.0,0.0,193.875,0.1,-0.125
25.454102516174316,0.0,0.0,0.0,0.0,193.875,0.08,0.0625
25.578654050827026,0.0,0.0,0.0,0.0,193.875,0.09,0.0625
25.70150589942932,10.869267,106.802696,0.0,0.0,193.875,0.11,0.0625
25.821982383728027,10.869267,106.802696,0.0,0.0,193.875,0.11,0.0625
25.850162029266357,10.869267,106.802696,0.0,0.0,193.875,0.11,0.0625
25.968607664108276,10.869267,106.802696,0.0,0.0,193.875,0.11,0.0625
26.084442138671875,10.869267,106.802696,0.0,0.0,193.875,0.1,-0.0625
26.122337102890015,10.869267,106.802696,0.0,0.0,193.875,0.08,-0.0
26.151716947555542,0.0,0.0,0.0,0.0,193.875,0.1,-0.0625
26.277392148971558,0.0,0.0,0.0,0.0,193.875,0.1,-0.0625
26.4009268283844,10.869267,106.802696,0.0,0.0,193.875,0.11,-0.1875
26.42959952354431,10.869267,106.802696,0.0,0.0,193.875,0.11,-0.1875
26.54440450668335,10.869267,106.802696,0.0,0.0,193.875,0.1,-0.1875
26.57161784172058,10.869267,106.802696,0.0,0.0,193.875,0.09,-0.0625
26.695384979248047,10.869267,106.802696,0.0,0.0,193.875,0.11,-0.125
26.823532819747925,0.0,0.0,0.0,0.0,193.875,0.1,-0.0625
26.855244159698486,0.0,0.0,0.0,0.0,193.875,0.11,-0.0625
26.900409698486328,10.869267,106.802696,0.0,0.0,193.875,0.1,0.0625
27.04130244255066,10.869267,106.802696,0.0,0.0,193.875,0.11,-0.0
27.17585825920105,10.869267,106.802696,0.0,0.0,193.875,0.11,-0.0
27.204278707504272,10.869267,106.802696,0.0,0.0,193.875,0.11,-0.0
27.322062969207764,10.869267,106.802696,0.0,0.0,193.875,0.11,-0.0
27.458406686782837,10.869267,106.802696,0.0,0.0,193.875,0.1,0.125
27.486999988555908,0.0,0.0,0.0,0.0,193.875,0.1,-0.0
27.629966020584106,0.0,0.0,0.0,0.0,193.875,0.1,0.0625
27.7696750164032,0.0,0.0,0.0,0.0,193.875,0.04,-0.0
27.89359188079834,0.0,0.0,0.0,0.0,193.875,0.09,-0.0
27.935200452804565,0.0,0.0,0.0,0.0,193.875,0.11,-0.125
27.964030981063843,0.0,0.0,0.0,0.0,193.875,0.11,-0.0
28.00828504562378,10.869267,106.802696,0.0,0.0,193.875,0.1,0.0625
28.04976177215576,10.869267,106.802696,0.0,0.0,193.875,0.1,0.0625
28.080588340759277,0.0,0.0,0.0,0.0,193.875,0.1,0.1875
28.10825777053833,0.0,0.0,0.0,0.0,193.875,0.1,-0.0625
28.135618686676025,10.869267,106.802696,0.0,0.0,193.875,0.11,-0.125
28.237968683242798,10.869267,106.802696,0.0,0.0,193.875,0.11,-0.125
28.358967065811157,10.869267,106.802696,0.0,0.0,193.875,0.11,0.125
28.384839296340942,10.869267,106.802696,0.0,0.0,193.875,0.11,0.0625
28.484477758407593,0.0,0.0,0.0,0.0,193.875,0.1,0.0625
28.510172843933105,0.0,0.0,0.0,0.0,193.875,0.1,-0.0
28.5351779460907,10.869267,106.802696,0.0,0.0,193.875,0.1,-0.0
28.630026817321777,0.0,0.0,0.0,0.0,193.875,0.1,-0.0
28.662256002426147,0.0,0.0,0.0,0.0,193.875,0.1,-0.0625
28.68783211708069,10.869267,106.802696,0.0,0.0,193.875,0.1,0.0625
28.714497804641724,0.0,0.0,0.0,0.0,193.875,0.1,-0.0
28.822757482528687,0.0,0.0,0.0,0.0,193.875,0.11,0.1875
28.952049016952515,0.0,0.0,0.0,0.0,193.875,0.11,0.0625
28.97845983505249,0.0,0.0,0.0,0.0,193.875,0.11,0.0625
29.00285005569458,0.0,0.0,0.0,0.0,193.875,0.1,0.0625
29.09750461578369,10.869267,106.802696,0.0,0.0,193.875,0.1,-0.0625
29.1905300617218,10.869267,106.802696,0.0,0.0,193.875,0.11,-0.0625
29.216111183166504,0.0,0.0,0.0,0.0,193.875,0.11,0.0625
29.241011381149292,0.0,0.0,0.0,0.0,193.875,0.1,0.0625
29.266228199005127,10.869267,106.802696,0.0,0.0,193.875,0.1,-0.0
29.293763160705566,10.869267,106.802696,0.0,0.0,193.875,0.1,-0.0
29.42477250099182,10.869267,106.802696,0.0,0.0,193.875,0.1,-0.0
29.452377796173096,10.869267,106.802696,0.0,0.0,193.875,0.11,-0.0
29.47908043861389,0.0,0.0,0.0,0.0,193.875,0.09,0.0625
29.57591414451599,0.0,0.0,0.0,0.0,193.875,0.1,0.0625
29.617653369903564,10.869267,106.802696,0.0,0.0,193.875,0.1,0.125
29.644378662109375,0.0,0.0,0.0,0.0,193.875,0.1,-0.0625
29.751811027526855,0.0,0.0,0.0,0.0,193.875,0.1,-0.125
29.864633321762085,0.0,0.0,0.0,0.0,193.875,0.1,-0.1875
29.907134532928467,10.869267,106.802696,0.0,0.0,193.875,0.11,-0.0
29.94884490966797,0.0,0.0,0.0,0.0,193.875,0.1,-0.0
30.12574052810669,0.0,0.0,0.0,0.0,193.875,0.1,-0.125
30.150803804397583,10.869267,106.802696,0.0,0.0,193.875,0.11,0.0625
30.334107637405396,10.869267,106.802696,0.0,0.0,193.875,0.11,0.0625
30.35872721672058,10.869267,106.802696,0.0,0.0,193.875,0.11,0.0625
30.531439781188965,10.869267,106.802696,0.0,0.0,193.875,0.1,-0.0
30.56274962425232,10.869267,106.802696,0.0,0.0,193.875,0.11,-0.0
30.587707996368408,0.0,0.0,0.0,0.0,193.875,0.1,-0.0625
30.75163769721985,0.0,0.0,0.0,0.0,193.875,0.1,-0.0625
30.77942442893982,10.869267,106.802696,0.0,0.0,193.875,0.11,0.0625
30.950108766555786,10.869267,106.802696,0.0,0.0,193.875,0.11,0.0625
30.97660779953003,10.869267,106.802696,0.0,0.0,193.875,0.11,0.0625
31.001827001571655,10.869267,106.802696,0.0,0.0,193.875,0.11,0.0625
31.17615818977356,0.0,0.0,0.0,0.0,193.875,0.1,-0.125
31.21238088607788,0.0,0.0,0.0,0.0,193.875,0.1,-0.125
31.237613201141357,10.869267,106.802696,0.0,0.0,193.875,0.1,0.0625
31.41465163230896,10.869267,106.802696,0.0,0.0,193.875,0.11,-0.0625
31.43987774848938,0.0,0.0,0.0,0.0,193.875,0.12,0.0625
31.60705280303955,0.0,0.0,0.0,0.0,193.875,0.11,-0.0
31.7843976020813,10.869267,106.802696,0.0,0.0,193.875,0.11,-0.0
31.80967426300049,10.869267,106.802696,0.0,0.0,193.875,0.11,-0.0
31.98031735420227,10.869267,106.802696,0.0,0.0,193.875,0.1,-0.0
32.00544238090515,10.869267,106.802696,0.0,0.0,193.875,0.1,-0.0625
32.180779695510864,0.0,0.0,0.0,0.0,193.875,0.1,-0.0
32.35964584350586,0.0,0.0,0.0,0.0,193.875,0.1,-0.125
32.386168003082275,0.0,0.0,0.0,0.0,193.875,0.11,0.125
32.417354583740234,10.869267,106.802696,0.0,0.0,193.875,0.11,-0.0
32.44506597518921,10.869267,106.802696,0.0,0.0,193.875,0.11,-0.0625
32.620147466659546,0.0,0.0,0.0,0.0,193.875,0.11,-0.0
32.7920184135437,0.0,0.0,0.0,0.0,193.875,0.12,-0.0625
32.970553159713745,10.869267,106.802696,0.0,0.0,193.875,0.11,-0.0
33.00130343437195,10.869267,106.802696,0.0,0.0,193.875,0.11,-0.0
33.026411294937134,10.869267,106.802696,0.0,0.0,193.875,0.1,-0.0
33.05074071884155,10.869267,106.802696,0.0,0.0,193.875,0.12,0.0625
33.22733664512634,0.0,0.0,0.0,0.0,193.875,0.1,-0.0
33.25191569328308,0.0,0.0,0.0,0.0,193.875,0.1,0.1875
33.42190599441528,0.0,0.0,0.0,0.0,193.875,0.11,0.125
33.446895599365234,10.869267,106.802696,0.0,0.0,193.875,0.1,-0.0625
33.47534251213074,0.0,0.0,0.0,0.0,193.875,0.11,-0.0
33.49999189376831,0.0,0.0,0.0,0.0,193.875,0.1,-0.125
33.67028522491455,0.0,0.0,0.0,0.0,193.875,0.09,0.0625
33.695789098739624,10.869267,106.802696,0.0,0.0,193.875,0.11,-0.0625
33.72025942802429,0.0,0.0,0.0,0.0,193.875,0.11,-0.0
33.753469467163086,0.0,0.0,0.0,0.0,193.875,0.11,-0.0625
33.77765607833862,0.0,0.0,0.0,0.0,193.875,0.1,-0.0
33.95392370223999,10.869267,106.802696,0.0,0.0,193.875,0.1,0.0625
34.12271237373352,10.869267,106.802696,0.0,0.0,193.875,0.1,0.0625
34.14741563796997,10.869267,106.802696,0.0,0.0,193.875,0.1,0.0625
34.17235708236694,10.869267,106.802696,0.0,0.0,193.875,0.11,0.0625
34.20334315299988,0.0,0.0,0.0,0.0,193.875,0.11,0.0625
34.37488317489624,0.0,0.0,0.0,0.0,193.875,0.11,-0.125
34.545661211013794,0.0,0.0,0.0,0.0,193.875,0.11,-0.1875
34.58941054344177,0.0,0.0,0.0,0.0,193.875,0.1,-0.0
34.698238134384155,0.0,0.0,0.0,0.0,193.875,0.11,0.0625
34.739317178726196,0.0,0.0,0.0,0.0,193.875,0.12,0.125
34.83976483345032,10.869267,106.802696,0.0,0.0,193.875,0.12,-0.0
34.880494832992554,10.869267,106.802696,0.0,0.0,193.875,0.12,-0.0
34.98202466964722,10.869267,106.802696,0.0,0.0,193.875,0.1,-0.0
35.024420499801636,10.869267,106.802696,0.0,0.0,193.875,0.12,-0.0
35.14696717262268,0.0,0.0,0.0,0.0,193.875,0.11,0.0625
35.175825119018555,0.0,0.0,-0.017082,0.0,193.875,0.1,0.0625
35.2071647644043,0.0,0.0,0.0,0.0,193.875,0.08,-0.0625
35.23572325706482,10.869284,106.802696,0.0,0.0,193.875,0.08,0.125
35.2791645526886,10.869284,106.802696,0.0,0.0,193.875,0.08,0.125
35.32195496559143,10.869284,106.802696,0.0,0.0,193.875,0.08,0.125
35.363173484802246,10.869284,106.802696,0.0,0.0,193.875,0.08,0.125
35.47709584236145,10.869284,106.802696,0.0,0.0,193.875,0.06,0.125
35.579421043395996,10.869284,106.802696,0.0,0.0,193.875,0.07,-0.0
35.682552337646484,0.0,0.0,0.0,0.0,193.875,0.07,0.0625
35.80322766304016,0.0,0.0,0.0,0.0,193.875,0.07,-0.0
35.92340636253357,0.0,0.0,0.0,0.0,193.875,0.06,-0.0625
36.02722787857056,0.0,0.0,0.0,0.0,193.875,0.07,-0.125
36.137356758117676,0.0,0.0,0.0,0.0,193.875,0.07,0.125
36.26596713066101,0.0,0.0,0.0,0.0,193.875,0.08,-0.0
36.37490773200989,10.869284,106.802696,0.0,0.0,193.875,0.08,0.125
36.491111278533936,10.869284,106.802696,0.0,0.0,193.875,-0.04,0.1875
36.598113775253296,0.0,0.0,0.017082,0.0,193.875,0.12,0.0625
36.73489999771118,0.0,0.0,0.0,0.0,193.875,0.06,-0.0625
36.76260423660278,0.0,0.0,-0.017082,0.0,193.875,0.05,-0.0
36.79060745239258,10.869284,106.802696,0.0,0.0,193.875,0.05,-0.0625
36.831228733062744,10.869284,106.802696,0.0,0.0,193.875,0.05,-0.0625
36.95025825500488,10.869284,106.802696,0.0,0.0,193.8125,-0.1,-0.0625
37.079888343811035,10.869284,106.802696,0.444141,0.0,193.8125,-0.08,0.1875
37.19773316383362,0.0,0.0,0.580799,0.0,193.875,-0.09,0.25
37.332576751708984,0.0,0.0,0.478305,0.0,193.8125,0.33,-0.0625
37.35940408706665,0.0,0.0,1.195764,0.0,193.8125,-0.2,0.125
37.3991014957428,0.0,0.0,1.588657,0.0,193.8125,-0.09,0.375
37.519482374191284,0.0,0.0,1.622822,0.0,193.8125,-0.16,-0.0
37.65642690658569,10.869284,106.802696,1.656987,0.0,193.8125,-0.14,0.125
37.78124403953552,10.869284,106.802696,1.554493,0.0,193.8125,-0.14,0.125
37.90011262893677,10.869284,106.802696,1.742398,0.0,193.8125,-0.14,0.125
37.927510023117065,10.869284,106.802696,1.622822,0.0,193.8125,-0.14,0.125
38.059831857681274,10.869284,106.802719,1.639904,0.0,193.875,-0.05,0.1875
38.08604693412781,0.0,0.0,1.691151,0.0,193.625,-0.31,-1.1875
38.12439322471619,0.0,0.0,1.691151,0.0,192.125,-0.18,-2.125
38.24132323265076,0.0,0.0,1.691151,0.0,190.5,0.0,-2.3125
38.362342834472656,10.869284,106.802719,1.691151,0.0,190.0625,-0.02,-1.75
38.48611497879028,0.0,0.0,1.691151,0.0,189.8125,0.22,-0.3125
38.61860942840576,0.0,0.0,1.691151,0.0,189.8125,0.17,-0.6875
38.76708793640137,10.869284,106.802719,1.691151,0.0,189.75,0.0,-0.25
38.90508770942688,10.869284,106.802719,1.691151,0.0,189.75,0.0,-0.25
39.04038190841675,10.869284,106.802719,1.691151,0.0,189.75,0.0,-0.25
39.19492769241333,10.869284,106.802719,1.691151,0.0,189.625,0.04,-0.0625
39.220924615859985,10.869284,106.802719,1.691151,0.0,189.625,0.06,-0.0625
39.26564311981201,0.0,0.0,1.691151,0.0,189.5625,0.06,0.3125
39.39225912094116,0.0,0.0,1.691151,0.0,189.5,-0.07,-0.1875
39.5093674659729,10.869284,106.802719,1.691151,0.0,189.5,0.21,-0.3125
39.64428687095642,10.869284,106.802719,1.691151,0.0,189.5,0.12,-0.25
39.67433714866638,10.869284,106.802719,1.691151,0.0,189.5,0.03,-0.3125
39.81666970252991,10.869284,106.802719,1.691151,0.0,189.4375,0.22,-0.5625
39.957070112228394,10.869284,106.802719,1.691151,0.0,189.4375,0.02,-0.375
40.109984159469604,10.869284,106.802719,1.691151,0.0,189.4375,0.02,-0.375
40.13725233078003,10.869284,106.802719,1.691151,0.0,189.375,0.26,-0.375
40.16446113586426,10.869284,106.802719,1.691151,0.0,189.375,0.09,-0.5
40.196513175964355,0.0,0.0,1.691151,0.0,189.375,0.1,-0.375
40.226821184158325,0.0,0.0,1.691151,0.0,189.3125,0.08,-0.75
40.25383758544922,10.869284,106.802719,1.691151,0.0,189.1875,0.05,-0.0625
40.391783714294434,10.869284,106.802719,1.691151,0.0,189.1875,0.26,-0.1875
40.52727437019348,0.0,0.0,1.691151,0.0,189.125,0.1,-0.125
40.68394684791565,0.0,0.0,1.691151,0.0,189.125,0.09,-0.4375
40.731706380844116,0.0,0.0,1.691151,0.0,189.0625,0.61,-0.1875
40.7592716217041,0.0,0.0,1.691151,0.0,188.9375,0.32,0.125
40.90805625915527,0.0,0.0,1.691151,0.0,188.875,-0.19,-0.3125
41.052834033966064,10.869284,106.802719,1.691151,0.0,188.8125,-0.4,-0.125
41.09153962135315,10.869284,106.802719,1.691151,0.0,188.625,-0.55,-0.9375
41.11809706687927,0.0,0.0,1.691151,0.0,188.5,-0.04,-0.8125
41.144230127334595,0.0,0.0,1.691151,0.0,190.5,0.03,4.6875
41.18296480178833,10.869284,106.802719,1.691151,0.0,191.1875,0.45,4.6875
41.209110736846924,0.0,0.0,1.691151,0.0,193.5625,0.02,1.375
41.37552094459534,0.0,0.0,3.672702,0.0,193.9375,-0.09,1.0
41.50598883628845,10.869284,106.802719,3.399385,0.0,194.3125,-0.42,0.3125
41.65496635437012,10.869284,106.802719,3.36522,0.0,194.375,-0.09,1.0
41.67910122871399,0.0,0.0,3.296891,0.0,194.8125,-0.19,0.75
41.82179284095764,0.0,0.0,3.108985,0.0,195.125,-0.17,-0.0
41.95770764350891,0.0,0.0,2.989409,0.0,193.6875,-0.18,-3.875
41.9966721534729,10.869284,106.802719,2.989409,0.0,193.6875,-0.18,-3.6875
42.023377895355225,10.869284,106.802719,2.989409,0.0,189.9375,-0.11,-3.125
42.1490592956543,0.0,0.0,2.989409,0.0,187.75,0.13,-3.125
42.17887997627258,0.0,0.0,2.374445,0.0,186.625,-0.11,-0.4375
42.29802417755127,10.869284,106.802719,2.374445,0.0,186.625,0.08,-0.125
42.425222873687744,10.869284,106.802719,2.374445,0.0,186.625,0.08,-0.125
42.452744483947754,10.869284,106.802719,2.374445,0.0,186.625,0.08,-0.3125
42.60996985435486,10.869284,106.802719,2.374445,0.0,186.625,0.08,-0.3125
42.742271900177,10.869284,106.802719,2.374445,0.0,186.625,0.08,-0.3125
42.78117108345032,10.869284,106.802719,2.374445,0.0,186.5625,0.18,-0.1875
42.91732215881348,10.869284,106.802719,2.374445,0.0,186.5625,0.16,-0.3125
43.05524563789368,0.0,0.0,2.374445,0.0,186.5625,0.18,-0.125
43.20537090301514,0.0,0.0,2.374445,0.0,186.5,0.03,-0.25
43.251851320266724,10.869284,106.802719,2.374445,0.0,186.5,0.19,-0.8125
43.29284167289734,10.869284,106.802719,2.374445,0.0,186.5,0.19,-0.8125
43.43201518058777,10.869284,106.802719,2.374445,0.0,186.4375,0.16,-0.8125
43.58406043052673,10.869284,106.802719,2.374445,0.0,186.4375,0.24,-0.375
43.73611307144165,0.0,0.0,1.742398,0.0,186.375,0.28,-0.25
43.763447761535645,0.0,0.0,1.759481,0.0,186.375,0.19,-0.4375
43.80392551422119,10.869284,106.802719,1.656987,0.0,186.375,0.22,-0.1875
43.84426927566528,10.869284,106.802719,1.656987,0.0,186.375,0.22,-0.1875
43.870930433273315,10.869284,106.802719,1.656987,0.0,186.375,0.22,-0.1875
43.89802837371826,10.869284,106.802719,1.656987,0.0,186.25,0.09,-0.375
43.943918228149414,10.869267,106.803032,1.639904,0.0,186.25,-0.02,-0.375
44.07755923271179,0.0,0.0,1.674069,0.0,186.1875,0.07,-0.0625
44.25309467315674,0.0,0.0,1.742398,0.0,186.125,0.36,-0.25
44.43394637107849,0.0,0.0,1.622822,0.0,186.125,0.21,-0.375
44.609697580337524,0.0,0.0,1.622822,0.0,186.0625,0.02,-0.0625
44.764631032943726,0.0,0.0,1.622822,0.0,185.9375,0.26,-0.625
44.93371772766113,10.869267,106.803032,1.725316,0.0,185.875,0.24,0.0625
45.10904908180237,10.869267,106.803032,1.725316,0.0,185.875,0.24,0.0625
45.13930535316467,10.869267,106.803032,1.725316,0.0,185.8125,0.06,0.0625
45.29603362083435,10.869267,106.803032,1.725316,0.0,185.8125,0.26,-0.3125
45.455402851104736,0.0,0.0,1.725316,0.0,185.75,0.1,-0.5625
45.60427689552307,0.0,0.0,1.725316,0.0,185.75,0.1,-0.375
45.633591651916504,10.869267,106.803032,1.725316,0.0,185.75,-0.27,-0.3125
45.79067873954773,10.869267,106.803032,1.725316,0.0,185.75,-0.19,-0.5
45.933387994766235,0.0,0.0,1.725316,0.0,185.75,0.46,-0.375
45.96185898780823,0.0,0.0,1.725316,0.0,185.625,0.06,0.0625
46.11238098144531,10.869267,106.803032,1.725316,0.0,185.625,-0.04,-0.1875
46.265316009521484,10.869267,106.803032,1.725316,0.0,185.625,-0.04,-0.1875
46.29220223426819,10.869267,106.803032,1.725316,0.0,185.625,-0.26,-0.0625
46.441076040267944,10.869267,106.803032,1.725316,0.0,185.625,-0.26,-0.0625
46.472567319869995,10.869267,106.803032,1.725316,0.0,185.625,-0.26,-0.125
46.61044192314148,10.869267,106.803032,1.725316,0.0,185.6875,-0.04,-0.125
46.74856233596802,10.869267,106.803032,1.656987,0.0,185.6875,-0.14,-0.0625
46.88824653625488,0.0,0.0,1.691151,0.0,185.6875,-0.05,-0.375
46.91564202308655,0.0,0.0,1.622822,0.0,185.6875,-0.01,-0.1875
47.043413162231445,0.0,0.0,1.503246,0.0,185.6875,0.07,-0.25
47.09019708633423,10.869267,106.803032,1.588657,0.0,185.6875,-0.2,0.125
47.11751627922058,0.0,0.0,1.469081,0.0,185.6875,0.12,0.125
47.26305866241455,0.0,0.0,1.60574,0.0,185.6875,0.03,-0.5
47.417184352874756,0.0,0.0,1.622822,0.0,185.6875,0.02,-0.1875
47.44492721557617,10.869267,106.803032,1.588657,0.0,185.6875,-0.03,-0.125
47.5956506729126,0.0,0.0,1.571575,0.0,185.6875,0.51,-0.1875
47.62172174453735,0.0,0.0,2.511104,0.0,185.5625,0.17,-0.3125
47.77355670928955,0.0,0.0,3.160232,0.0,185.625,-0.32,-0.25
47.92268633842468,10.869267,106.803032,3.160232,0.0,185.625,-0.45,0.375
48.079596519470215,10.869267,106.803032,3.160232,0.0,185.625,-0.32,-0.0625
48.10644292831421,0.0,0.0,3.262726,0.0,185.625,-0.59,-0.0625
48.132822036743164,0.0,0.0,3.296891,0.0,186.375,-0.1,2.5625
48.16561675071716,10.869267,106.803032,3.177315,0.0,188.3125,-0.22,4.5
48.32233119010925,0.0,0.0,3.14315,0.0,190.4375,-0.39,2.1875
48.475948095321655,0.0,0.0,2.989409,0.0,190.9375,-0.26,1.0625
48.6236526966095,0.0,0.0,3.108985,0.0,191.5,-0.37,0.8125
48.64922904968262,10.869267,106.803032,3.108985,0.0,191.625,-0.3,0.75
48.675647258758545,10.869267,106.803032,3.108985,0.0,191.625,-0.3,0.75
48.79582214355469,10.869267,106.803032,3.108985,0.0,192.25,-0.25,0.9375
48.82673740386963,10.869267,106.803032,3.108985,0.0,192.4375,-0.15,1.625
48.920860052108765,0.0,0.0,3.108985,0.0,192.9375,-0.05,0.6875
48.95118308067322,0.0,0.0,2.750256,0.0,193.625,-0.49,0.5625
49.04724645614624,10.869317,106.803268,2.750256,0.0,193.75,-0.05,0.5625
49.073203802108765,0.0,0.0,2.767339,-5.0,194.1875,-0.29,1.125
49.11313056945801,0.0,0.0,2.801503,-5.0,193.5,-0.06,-1.875
49.218321084976196,0.0,0.0,2.85275,-5.0,191.4375,-0.14,-3.5
49.24342226982117,10.869317,106.803268,2.835668,-5.0,191.125,-0.02,-3.1875
49.3398597240448,10.869317,106.803268,2.835668,-5.0,191.125,-0.02,-3.125
49.438380002975464,10.869317,106.803268,2.835668,-5.0,191.125,-0.02,-3.125
49.53728151321411,10.869317,106.803268,2.835668,-5.0,187.875,-0.61,-2.3125
49.65203142166138,10.869317,106.803268,2.323198,-5.0,187.5625,-0.16,-2.5
49.69302320480347,0.0,0.0,2.015716,-5.0,186.3125,0.2,-1.625
49.72609043121338,0.0,0.0,2.511104,-5.0,186.125,0.11,0.625
49.75414323806763,10.869317,106.803314,2.869833,-5.0,186.0625,-0.01,0.5
49.854207277297974,10.869317,106.803314,2.716092,-5.0,186.0625,-0.29,-0.5625
49.951165199279785,0.0,0.0,2.955244,-5.0,186.0625,-0.38,-0.5
50.046857833862305,0.0,0.0,3.040656,-5.0,186.0,-0.16,0.0625
50.138922452926636,0.0,0.0,3.023574,-5.0,186.0,-0.18,-0.125
50.163474559783936,10.869317,106.803314,2.955244,-5.0,186.0,0.08,0.125
50.26042866706848,0.0,0.0,3.194397,-5.0,186.0625,-0.28,-0.0625
50.35268425941467,0.0,0.0,2.886915,-5.0,186.0625,-0.28,-0.5
50.444844245910645,0.0,0.0,2.972327,-5.0,186.0625,0.03,-0.125
50.53291392326355,10.869317,106.803314,2.972327,-5.0,186.0625,0.03,-0.0625
50.55902647972107,10.869317,106.803314,2.972327,-5.0,186.0625,0.0,0.5
50.65031027793884,10.869317,106.803314,2.972327,-5.0,186.0625,-0.25,-0.125
50.74182629585266,10.869317,106.803314,2.972327,-5.0,186.125,-0.1,-0.1875
50.83764052391052,10.869317,106.803314,2.972327,-5.0,186.125,-0.27,-0.125
50.93874955177307,10.869317,106.803314,2.989409,-5.0,186.125,0.08,0.3125
51.04654884338379,10.869317,106.803314,2.989409,-5.0,186.125,-0.21,0.125
51.08618998527527,10.869317,106.803314,3.023574,-5.0,186.125,-0.41,-0.125
51.12792658805847,0.0,0.0,2.938162,-5.0,186.125,-0.06,0.1875
51.227482080459595,0.0,0.0,2.903997,-5.0,186.125,0.04,-0.0625
51.362717390060425,10.869317,106.803413,3.006491,-5.0,186.0625,-0.08,-0.0
51.40252900123596,10.869317,106.803413,3.108985,-5.0,186.0625,-0.07,0.3125
51.518288373947144,0.0,0.0,3.023574,-5.0,186.0,-0.26,-0.4375
51.62709712982178,0.0,0.0,3.126068,-5.0,186.0,-0.74,-0.0625
51.72744607925415,0.0,0.0,3.211479,-5.0,186.0,-0.25,-0.375
51.83392357826233,10.869317,106.803413,3.211479,-5.0,186.0,-0.25,-0.375
51.9535436630249,10.869317,106.803413,3.211479,-5.0,186.0,-0.25,-0.375
52.05740714073181,10.869317,106.803413,3.211479,-5.0,186.0625,0.01,-0.125
52.15863251686096,10.869317,106.803413,3.108985,-5.0,186.0625,-0.38,-0.375
52.19819378852844,0.0,0.0,3.262726,-5.0,186.0,-0.29,-0.125
52.23824095726013,0.0,0.0,3.194397,-5.0,186.0,-0.28,-0.5
52.360459089279175,0.0,0.0,3.160232,-5.0,186.0,-0.2,0.25
52.399948596954346,10.869317,106.803482,3.160232,-5.0,186.0,-0.2,0.125
52.542510986328125,10.869317,106.803482,3.160232,-5.0,186.0,-0.2,0.125
52.56860971450806,10.869317,106.803482,3.160232,-5.0,186.0,-0.02,0.125
52.699869871139526,10.869317,106.803482,3.108985,-5.0,186.0625,-0.13,-0.0625
52.84799885749817,0.0,0.0,3.040656,-5.0,186.0,-0.25,-0.0625
52.89804482460022,0.0,0.0,3.108985,-5.0,185.9375,-0.06,0.1875
52.936826944351196,0.0,0.0,3.108985,-5.0,185.9375,-0.17,0.4375
52.962799310684204,10.869317,106.803482,3.040656,-5.0,185.9375,-0.01,-0.4375
52.995999336242676,0.0,0.0,3.040656,-5.0,185.9375,-0.1,-0.125
53.151713132858276,0.0,0.0,3.14315,-5.0,185.9375,-0.31,-0.5
53.178364515304565,0.0,0.0,3.126068,-5.0,185.9375,-0.26,-0.1875
53.36253571510315,10.869317,106.803482,2.989409,-5.0,185.9375,0.04,-0.125
53.54059028625488,0.0,0.0,3.023574,-5.0,185.9375,-0.04,-0.125
53.57221841812134,0.0,0.0,3.108985,-5.0,185.9375,0.12,-0.5625
53.72812294960022,0.0,0.0,3.160232,-5.0,185.875,-0.28,-0.375
53.878156661987305,10.869317,106.803482,3.126068,-5.0,185.9375,-0.4,-0.125
54.03088164329529,0.0,0.0,3.126068,-5.0,185.9375,-0.36,0.0625
54.06921744346619,0.0,0.0,3.023574,-5.0,185.9375,0.11,0.25
54.26922631263733,0.0,0.0,3.211479,-5.0,185.9375,-0.02,-0.5
54.30411720275879,10.869317,106.803482,2.989409,-5.0,185.875,-0.39,-0.875
54.4775128364563,10.869317,106.803482,2.989409,-5.0,185.875,-0.01,-0.25
54.502986907958984,10.869317,106.803482,2.989409,-5.0,185.875,-0.01,0.125
54.52936100959778,10.869317,106.803482,2.989409,-5.0,185.9375,-0.35,0.125
54.56183910369873,10.869317,106.803482,3.040656,-5.0,185.9375,0.03,0.5
54.68252515792847,0.0,0.0,3.006491,-5.0,189.25,-0.19,4.4375
54.80139899253845,0.0,0.0,3.108985,-5.0,191.8125,-0.05,4.3125
54.90152835845947,0.0,0.0,3.14315,-5.0,194.625,-0.17,4.5
54.9287006855011,0.0,0.0,3.126068,-5.0,197.25,0.0,3.8125
55.030349016189575,0.0,0.0,3.023574,-5.0,199.875,0.32,3.875
55.05518984794617,0.0,0.0,3.091903,-5.0,202.4375,0.29,3.5625
55.08436465263367,0.0,0.0,3.074821,-5.0,205.9375,0.03,6.4375
55.11090970039368,0.0,0.0,2.955244,-5.0,211.5625,-0.04,9.5625
55.20260572433472,0.0,0.0,2.938162,-5.0,216.875,-0.1,9.125
55.22721552848816,0.0,0.0,2.85275,5.0,221.625,0.13,8.1875
55.32661485671997,0.0,0.0,2.85275,5.0,225.5,-0.05,3.0
55.421590089797974,0.0,0.0,2.85275,5.0,226.4375,-0.07,0.75
55.4466016292572,0.0,0.0,2.85275,-5.0,226.9375,0.1,0.3125
55.53588628768921,0.0,0.0,2.85275,-5.0,224.9375,-0.1,-3.875
55.563804388046265,0.0,0.0,2.85275,-5.0,221.5625,-0.23,-6.6875
55.65389919281006,0.0,0.0,2.85275,-5.0,215.5625,0.1,-8.875
55.74851608276367,0.0,0.0,2.85275,-5.0,208.0625,-0.33,-12.5625
55.77541255950928,0.0,0.0,2.85275,-5.0,198.4375,0.04,-13.75
55.80085897445679,0.0,0.0,2.85275,-5.0,188.6875,-1.07,-13.625
55.82585620880127,0.0,0.0,2.85275,-5.0,179.4375,-0.69,-14.375
55.84979200363159,0.0,0.0,2.85275,-5.0,170.6875,0.4,-12.75
55.943915128707886,0.0,0.0,2.85275,-5.0,161.4375,-0.22,-12.75
56.03728199005127,0.0,0.0,2.85275,-5.0,152.125,-0.46,-13.0625
56.0640127658844,0.0,0.0,2.85275,-5.0,142.5625,-0.17,-14.3125
56.167478799819946,0.0,0.0,3.331056,-5.0,134.125,-0.35,-13.75
56.267258405685425,0.0,0.0,3.331056,-5.0,124.8125,-0.44,-13.6875
56.36110806465149,0.0,0.0,3.331056,-5.0,115.3125,-0.17,-13.3125
56.38722467422485,0.0,0.0,3.331056,-5.0,107.25,-0.37,-9.625
56.412593603134155,0.0,0.0,3.331056,-5.0,102.1875,-0.2,-5.25
56.438342332839966,0.0,0.0,3.331056,-5.0,98.8125,-0.19,-4.9375
56.478731632232666,0.0,0.0,3.331056,-5.0,95.625,-0.32,-3.75
56.50331735610962,0.0,0.0,3.331056,-5.0,95.1875,-0.09,-0.25
56.53020238876343,0.0,0.0,3.331056,-5.0,95.1875,-0.18,-0.25
56.55527472496033,0.0,0.0,3.331056,-5.0,95.1875,-0.06,-0.3125
56.65063214302063,0.0,0.0,3.331056,-5.0,95.1875,-0.16,-0.1875
56.74758529663086,0.0,0.0,3.331056,-5.0,95.1875,0.13,-0.0
56.85724234580994,0.0,0.0,3.331056,-5.0,95.1875,-0.06,-0.125
56.88449740409851,0.0,0.0,3.331056,-5.0,95.1875,-0.12,-0.0625
56.908610820770264,0.0,0.0,3.14315,-5.0,95.1875,-0.05,-0.25
57.00653100013733,0.0,0.0,3.228562,-5.0,95.1875,-0.06,-0.0625
57.03377914428711,0.0,0.0,3.262726,-5.0,95.25,-0.14,-0.3125
57.12968420982361,0.0,0.0,3.245644,-5.0,95.25,-0.1,-0.375
57.155500650405884,0.0,0.0,3.228562,-5.0,95.25,0.13,-0.1875
57.257482290267944,0.0,0.0,3.228562,-5.0,95.25,0.1,-0.125
57.357091188430786,0.0,0.0,3.228562,-5.0,95.25,-0.12,-0.375
57.45224571228027,0.0,0.0,3.228562,-5.0,95.25,-0.17,0.0625
57.54517722129822,0.0,0.0,3.228562,-5.0,95.25,0.06,0.125
57.56995701789856,0.0,0.0,3.228562,-5.0,95.25,-0.24,-0.0
57.60097026824951,0.0,0.0,3.228562,-5.0,95.25,-0.07,-0.25
57.652812242507935,0.0,0.0,3.228562,-5.0,95.25,-0.12,-0.3125
57.69360947608948,0.0,0.0,3.228562,-5.0,95.25,0.0,-0.125
57.7884726524353,0.0,0.0,3.228562,-5.0,96.0,-0.13,2.8125
57.88444900512695,0.0,0.0,3.228562,10.0,99.125,-0.18,7.3125
57.91138458251953,0.0,0.0,3.228562,10.0,105.625,-0.16,9.625
58.002671241760254,0.0,0.0,3.228562,10.0,112.375,0.0,9.5
58.04007363319397,0.0,0.0,3.228562,15.0,118.6875,-0.05,12.0
58.15830159187317,0.0,0.0,3.228562,15.0,129.125,0.0,15.75
58.25078535079956,0.0,0.0,3.262726,15.0,138.5,0.35,16.25
58.34801769256592,0.0,0.0,3.262726,15.0,148.25,-0.01,16.4375
58.4477744102478,0.0,0.0,3.177315,15.0,158.0,0.41,16.25
58.578110218048096,0.0,0.0,3.313973,15.0,166.0625,0.33,11.625
58.61904835700989,0.0,0.0,3.331056,15.0,171.0,0.32,6.5
58.767754793167114,0.0,0.0,3.638538,15.0,174.875,0.16,6.0625
58.79340147972107,0.0,0.0,3.638538,15.0,178.8125,0.22,6.5
58.9610013961792,0.0,0.0,3.536044,15.0,181.4375,0.07,2.625
59.13653898239136,0.0,0.0,3.706867,15.0,182.125,0.25,1.125
59.30763125419617,0.0,0.0,3.621455,15.0,182.8125,0.16,1.125
59.33382487297058,0.0,0.0,3.604373,15.0,183.5,-0.26,0.75
59.5126850605011,0.0,0.0,3.792279,15.0,184.125,-0.37,0.75
59.53788137435913,0.0,0.0,3.792279,15.0,184.875,-0.23,0.8125
59.56201362609863,0.0,0.0,3.792279,15.0,185.625,0.02,0.8125
59.743696212768555,0.0,0.0,3.604373,15.0,186.3125,0.07,1.25
59.91185116767883,0.0,0.0,3.604373,15.0,187.0625,0.1,1.25
60.07959580421448,0.0,0.0,3.604373,15.0,187.8125,-0.09,1.125
60.10361981391907,0.0,0.0,3.723949,15.0,188.5,0.03,0.9375
60.12864446640015,0.0,0.0,3.741032,15.0,189.125,0.06,1.0
60.152527809143066,0.0,0.0,3.792279,-5.0,189.625,-0.02,1.25
60.322800159454346,0.0,0.0,3.706867,-5.0,189.1875,0.04,-2.5625
60.493021965026855,0.0,0.0,3.621455,-5.0,186.5,0.04,-4.8125
60.66091275215149,0.0,0.0,3.621455,-5.0,183.6875,0.0,-4.5
60.837302923202515,0.0,0.0,3.689785,-5.0,181.0,0.04,-4.375
61.0053448677063,0.0,0.0,3.809361,-5.0,178.4375,0.08,-3.3125
61.028785943984985,0.0,0.0,3.706867,-5.0,178.1875,-0.01,-0.625
61.206878423690796,0.0,0.0,3.706867,-5.0,177.5,-0.31,-2.5625
61.35668587684631,0.0,0.0,3.758114,-5.0,174.8125,-0.26,-4.625
61.480045318603516,0.0,0.0,3.775197,-5.0,172.0625,0.01,-4.6875
61.50440979003906,0.0,0.0,3.741032,-10.0,169.3125,0.22,-4.6875
61.60424089431763,0.0,0.0,3.860608,-10.0,165.3125,-0.13,-8.1875
61.70134878158569,0.0,0.0,3.94602,-10.0,159.375,-0.18,-10.0625
61.800153970718384,0.0,0.0,3.877691,-10.0,153.3125,-0.2,-10.125
61.90794253349304,0.0,0.0,3.911855,-10.0,147.25,-0.27,-10.375
62.0050323009491,0.0,0.0,4.116843,-10.0,141.0,-0.47,-10.5625
62.028772592544556,0.0,0.0,3.928937,-5.0,135.625,-0.51,-10.1875
62.171830892562866,0.0,0.0,3.963102,-5.0,130.375,-0.74,-7.125
62.1960973739624,0.0,0.0,3.980185,-5.0,126.875,-0.23,-5.875
62.22325420379639,0.0,0.0,3.928937,-5.0,123.3125,0.01,-5.875
62.247923374176025,0.0,0.0,3.723949,-5.0,121.5,-0.66,-1.0
62.280524015426636,0.0,0.0,3.843526,-5.0,121.5,-0.4,0.1875
62.304290533065796,0.0,0.0,3.775197,-5.0,121.375,-0.55,-0.6875
62.45577812194824,0.0,0.0,3.809361,-5.0,118.9375,-0.03,-4.8125
62.48029685020447,0.0,0.0,3.843526,-5.0,116.0625,-0.2,-4.625
62.6530876159668,0.0,0.0,3.911855,-5.0,113.25,-0.23,-4.9375
62.820534229278564,0.0,0.0,4.014349,-5.0,110.25,-0.42,-4.6875
62.99858856201172,0.0,0.0,3.997267,-5.0,107.375,-0.38,-4.9375
63.02199983596802,0.0,0.0,3.860608,-5.0,104.4375,-0.34,-5.0625
63.045161485672,0.0,0.0,3.997267,-5.0,101.75,-0.25,-3.8125
63.22103571891785,0.0,0.0,3.826443,-5.0,101.3125,-0.42,-0.5
63.39298439025879,0.0,0.0,3.775197,-5.0,101.3125,-0.27,-0.5625
63.416709423065186,0.0,0.0,3.775197,-5.0,101.3125,-0.51,0.25
63.582136154174805,0.0,0.0,3.723949,-5.0,101.3125,-0.21,-0.0
63.60568332672119,0.0,0.0,3.723949,-5.0,100.875,-0.36,-2.0
63.783164501190186,0.0,0.0,3.911855,-5.0,98.125,-0.26,-4.5625
63.94969844818115,0.0,0.0,3.94602,-5.0,95.3125,-0.49,-4.75
63.973891496658325,0.0,0.0,3.928937,0.0,93.0,-0.32,-3.5625
63.99885034561157,0.0,0.0,3.877691,0.0,92.3125,-0.66,-0.5
64.02356433868408,0.0,0.0,3.775197,0.0,92.3125,-0.43,-0.125
64.04818916320801,0.0,0.0,3.826443,0.0,92.3125,-0.28,-0.5
64.07274317741394,0.0,0.0,3.843526,0.0,91.375,0.01,-3.5
64.24100494384766,0.0,0.0,3.894773,0.0,88.5,0.1,-5.0625
64.40799522399902,0.0,0.0,3.928937,0.0,85.5625,-0.07,-5.0
64.43329334259033,0.0,0.0,4.014349,0.0,83.25,-0.23,-4.8125
64.60204267501831,0.0,0.0,3.963102,0.0,82.0,-0.28,-0.0625
64.78234148025513,0.0,0.0,3.894773,0.0,82.0625,-0.13,-0.375
64.81154799461365,0.0,0.0,3.877691,-5.0,82.0625,-0.84,0.125
64.83548378944397,0.0,0.0,3.911855,-5.0,81.0625,-0.56,-3.9375
64.9980411529541,0.0,0.0,4.082678,-5.0,78.125,0.03,-5.5
65.02118754386902,0.0,0.0,3.997267,-5.0,75.1875,-0.32,-4.75
65.18681311607361,0.0,0.0,4.031432,-5.0,72.1875,0.04,-4.5625
65.35841679573059,0.0,0.0,4.048514,-5.0,69.1875,-0.73,-5.1875
65.3817732334137,0.0,0.0,4.065596,-5.0,66.125,0.22,-4.9375
65.55758452415466,0.0,0.0,4.082678,0.0,63.6875,-0.43,-5.0
65.5815954208374,0.0,0.0,4.219337,0.0,61.5,-0.38,-1.5625
65.74696135520935,0.0,0.0,4.099761,0.0,61.9375,-0.38,2.25
65.91653513908386,0.0,0.0,4.116843,0.0,65.1875,-0.44,5.75
66.08483386039734,0.0,0.0,4.014349,0.0,68.6875,-0.28,6.125
66.11033821105957,0.0,0.0,4.099761,0.0,72.1875,-0.54,5.5625
66.28297638893127,0.0,0.0,3.997267,0.0,74.25,-0.5,1.4375
66.31277394294739,0.0,0.0,4.048514,-5.0,74.875,-0.38,0.25
66.33734154701233,0.0,0.0,4.031432,-5.0,73.25,-0.38,-4.8125
66.47193551063538,0.0,0.0,4.219337,-5.0,70.125,-0.48,-4.9375
66.61624932289124,0.0,0.0,4.133925,-5.0,67.0625,-0.34,-4.6875
66.66287088394165,0.0,0.0,4.185173,-5.0,64.0625,-0.37,-5.125
66.83101081848145,0.0,0.0,4.185173,-5.0,61.0,-0.57,-4.4375
66.85803246498108,0.0,0.0,4.202255,-5.0,58.0,-0.34,-5.0625
66.90071320533752,0.0,0.0,4.287666,-5.0,54.875,-0.47,-5.5625
67.06418061256409,0.0,0.0,4.441408,-5.0,52.0,-0.52,-4.9375
67.10224723815918,0.0,0.0,4.099761,-5.0,49.3125,-0.12,-4.3125
67.14068508148193,0.0,0.0,4.202255,-5.0,46.25,-0.75,-4.75
67.30781698226929,0.0,0.0,4.338913,-5.0,43.1875,-0.37,-5.375
67.33243465423584,0.0,0.0,4.45849,-5.0,39.9375,-0.48,-4.5625
67.49282884597778,0.0,0.0,4.45849,-5.0,36.375,-0.45,-5.5625
67.53043556213379,0.0,0.0,4.45849,0.0,33.8125,-0.46,-2.125
67.66576671600342,0.0,0.0,4.45849,0.0,33.625,-0.48,-0.3125
67.69064140319824,0.0,0.0,4.45849,0.0,33.6875,-0.7,1.625
67.72160649299622,0.0,0.0,4.45849,0.0,33.625,-0.17,0.0625
67.74721646308899,0.0,0.0,4.45849,0.0,33.6875,-0.46,0.25
67.91547083854675,0.0,0.0,4.45849,0.0,33.6875,-0.48,0.125
68.08501839637756,0.0,0.0,4.45849,0.0,33.6875,-0.39,0.1875
68.10908436775208,0.0,0.0,4.45849,0.0,33.75,-0.47,-0.125
68.27399921417236,0.0,0.0,4.45849,0.0,32.0625,-0.34,-5.0
68.39542174339294,0.0,0.0,4.45849,0.0,28.4375,-0.19,-5.0
68.42665982246399,0.0,0.0,4.45849,0.0,24.8125,-0.64,-5.375
68.618004322052,0.0,0.0,4.45849,0.0,21.125,-0.65,-5.25
68.78712105751038,0.0,0.0,4.270584,0.0,18.8125,-0.48,-2.8125
68.96696901321411,0.0,0.0,4.321831,0.0,18.375,-0.69,-0.125
69.1390552520752,0.0,0.0,4.321831,0.0,18.375,-0.45,-0.25
69.3127772808075,0.0,0.0,4.202255,0.0,18.125,-0.17,-1.5625
69.47872257232666,0.0,0.0,4.202255,0.0,14.875,-0.66,-5.0
69.52013564109802,0.0,0.0,4.202255,0.0,11.25,-0.2,-5.1875
69.67830801010132,0.0,0.0,4.287666,0.0,8.25,-0.4,-5.0625
69.81385922431946,0.0,0.0,4.270584,0.0,5.75,-0.69,-2.5625
69.85196185112,0.0,0.0,4.270584,0.0,5.6875,-0.28,-0.4375
69.88967704772949,0.0,0.0,4.270584,0.0,5.6875,-0.28,-0.1875
70.0250837802887,0.0,0.0,4.270584,0.0,5.6875,-0.36,-0.375
70.1673948764801,0.0,0.0,4.270584,0.0,5.6875,-0.35,-0.3125
70.30719685554504,0.0,0.0,4.270584,0.0,5.6875,-0.37,-0.1875
70.34532523155212,0.0,0.0,4.270584,0.0,5.6875,-0.49,-0.375
70.38843894004822,0.0,0.0,4.270584,0.0,5.6875,-0.45,-0.1875
70.52199721336365,0.0,0.0,4.270584,0.0,5.6875,-0.2,-0.3125
70.56040215492249,0.0,0.0,4.133925,0.0,5.625,-0.17,-0.1875
70.59946966171265,0.0,0.0,4.270584,0.0,5.625,-0.32,-0.0625
70.73022174835205,0.0,0.0,4.151008,0.0,5.625,0.07,-0.5625
70.85623455047607,0.0,0.0,4.151008,0.0,5.625,-0.36,-0.1875
70.88067054748535,0.0,0.0,4.151008,0.0,5.625,-0.49,0.125
70.90577793121338,0.0,0.0,4.23642,0.0,5.625,-0.22,-0.375
70.9380578994751,0.0,0.0,4.23642,0.0,5.625,-0.18,0.0625
71.03413820266724,0.0,0.0,4.185173,0.0,5.625,-0.09,0.3125
71.05889296531677,0.0,0.0,4.185173,0.0,5.5625,-0.19,0.0625
71.08284616470337,0.0,0.0,4.185173,5.0,5.5625,-0.3,-0.0625
71.17136430740356,0.0,0.0,4.202255,5.0,6.75,-0.35,3.625
71.26780390739441,0.0,0.0,4.219337,5.0,10.4375,-0.43,5.6875
71.29719877243042,0.0,0.0,4.219337,5.0,11.9375,-0.08,1.3125
71.39508175849915,0.0,0.0,4.219337,5.0,12.8125,-0.07,1.0
71.42037105560303,0.0,0.0,4.219337,5.0,13.6875,-0.14,1.375
71.52167344093323,0.0,0.0,4.219337,-5.0,14.125,-0.11,-0.25
71.54724526405334,0.0,0.0,4.219337,-5.0,11.8125,-0.25,-4.9375
71.66095399856567,0.0,0.0,4.270584,0.0,9.125,-0.3,-5.1875
71.70047187805176,0.0,0.0,4.151008,0.0,8.25,-0.19,0.375
71.7436134815216,0.0,0.0,4.219337,0.0,8.25,-0.31,0.25
71.8755476474762,0.0,0.0,4.151008,0.0,8.25,-0.29,-0.5
72.02260231971741,0.0,0.0,4.116843,5.0,8.6875,-0.19,3.4375
72.04685664176941,0.0,0.0,4.16809,5.0,12.0,-0.37,5.5
72.19067025184631,0.0,0.0,4.048514,5.0,15.4375,-0.27,5.6875
72.33511734008789,0.0,0.0,3.928937,5.0,19.0625,0.06,5.3125
72.47203922271729,0.0,0.0,3.928937,5.0,23.1875,0.0,5.9375
72.61259508132935,0.0,0.0,4.082678,5.0,26.625,-0.95,5.0
72.74522995948792,0.0,0.0,4.065596,5.0,30.1875,-0.32,5.75
72.76934361457825,0.0,0.0,3.894773,5.0,33.6875,0.09,5.6875
72.91321396827698,0.0,0.0,3.877691,5.0,37.125,-0.22,5.9375
72.93949937820435,0.0,0.0,3.758114,5.0,40.5625,0.08,5.1875
72.96667957305908,0.0,0.0,3.826443,5.0,44.0,0.0,5.4375
73.0884461402893,0.0,0.0,3.758114,5.0,47.375,0.2,5.8125
73.1125876903534,0.0,0.0,3.894773,5.0,50.875,0.06,5.6875
73.23087525367737,0.0,0.0,3.928937,5.0,56.9375,0.0,5.875
73.25932264328003,0.0,0.0,3.94602,5.0,60.4375,0.16,5.4375
73.3764500617981,0.0,0.0,3.94602,5.0,63.8125,0.07,6.0
73.40025329589844,0.0,0.0,3.877691,5.0,67.5,0.19,6.125
73.50441813468933,0.0,0.0,4.048514,5.0,71.0625,0.2,6.0625
73.5985004901886,0.0,0.0,4.065596,5.0,74.875,0.1,5.9375
73.71840476989746,0.0,0.0,4.185173,5.0,78.6875,0.18,6.375
73.83906602859497,0.0,0.0,4.253502,5.0,82.5625,0.33,6.375
73.95156836509705,0.0,0.0,4.424325,5.0,86.4375,0.27,6.75
73.97530627250671,0.0,0.0,4.407243,5.0,90.375,0.36,6.4375
74.11024188995361,0.0,0.0,4.492655,5.0,94.1875,0.05,6.375
74.26735138893127,0.0,0.0,4.492655,5.0,98.375,0.11,6.6875
74.29074215888977,0.0,0.0,4.441408,5.0,102.4375,0.09,6.75
74.3139021396637,0.0,0.0,4.407243,5.0,106.375,0.11,6.6875
74.48011779785156,0.0,0.0,4.475572,5.0,110.4375,-0.07,6.625
74.65225028991699,0.0,0.0,4.475572,5.0,114.4375,0.03,6.5
74.6746826171875,0.0,0.0,4.048514,5.0,118.125,-0.16,5.75
74.69725298881531,0.0,0.0,3.894773,5.0,121.4375,0.02,5.375
74.86178803443909,0.0,0.0,3.604373,5.0,124.75,-0.18,5.0
74.88884711265564,0.0,0.0,3.228562,-10.0,126.5,0.11,1.4375
74.9170401096344,0.0,0.0,3.228562,-10.0,125.5,0.33,-3.5625
74.93999338150024,0.0,0.0,3.775197,-10.0,120.9375,0.19,-9.5
74.96302533149719,0.0,0.0,4.287666,-10.0,111.9375,-0.17,-17.3125
74.98585605621338,0.0,0.0,4.492655,-10.0,101.0625,-0.35,-17.9375
75.15413451194763,0.0,0.0,4.646396,-10.0,90.25,-0.45,-16.9375
75.32238340377808,0.0,0.0,4.714725,-10.0,82.25,-0.37,-11.5
75.34690165519714,0.0,0.0,4.475572,-10.0,77.75,-0.35,-6.8125
75.52175378799438,0.0,0.0,4.509737,-10.0,75.0,-0.23,-2.25
75.71173644065857,0.0,0.0,4.407243,-10.0,75.0,-0.4,0.0625
75.75166082382202,0.0,0.0,4.407243,-10.0,75.0,-0.52,-0.1875
75.92280006408691,0.0,0.0,4.45849,-10.0,75.0,-0.34,-0.1875
75.95175623893738,0.0,0.0,4.338913,5.0,75.25,-0.31,1.9375
75.97996807098389,0.0,0.0,4.202255,5.0,78.25,-0.15,6.0
76.00610828399658,0.0,0.0,4.219337,5.0,81.75,-0.46,5.875
76.17975068092346,0.0,0.0,4.202255,5.0,85.5,0.11,5.75
76.33037257194519,0.0,0.0,4.151008,5.0,89.1875,-0.08,6.0
76.35569763183594,0.0,0.0,4.151008,5.0,92.8125,0.0,5.9375
76.52657747268677,0.0,0.0,4.151008,5.0,96.5,-0.09,5.875
76.68503069877625,0.0,0.0,4.116843,5.0,99.625,0.12,3.75
76.72491335868835,0.0,0.0,4.16809,5.0,100.625,-0.09,1.25
76.75031447410583,0.0,0.0,4.304749,5.0,101.4375,0.41,1.5625
76.77591037750244,0.0,0.0,4.304749,-5.0,102.1875,-0.04,1.375
76.93206882476807,0.0,0.0,4.441408,-5.0,101.6875,-0.14,-3.3125
77.10460186004639,0.0,0.0,4.492655,-5.0,98.5,-0.1,-5.5
77.26208114624023,0.0,0.0,4.578066,0.0,96.125,-0.11,-2.4375
77.42560267448425,0.0,0.0,4.424325,0.0,95.875,-0.07,-0.1875
77.5920774936676,0.0,0.0,4.595149,0.0,95.875,-0.22,-0.1875
77.76387786865234,0.0,0.0,4.68056,0.0,95.9375,-0.08,-0.25
77.89739227294922,0.0,0.0,4.543901,0.0,95.9375,-0.01,-0.125
78.0294361114502,0.0,0.0,4.714725,0.0,95.9375,-0.03,-0.1875
78.1633312702179,0.0,0.0,4.612231,0.0,95.9375,-0.13,-0.25
78.18946957588196,0.0,0.0,4.595149,5.0,96.125,-0.14,1.9375
78.32409071922302,0.0,0.0,4.407243,5.0,99.0625,0.21,6.375
78.35088443756104,0.0,0.0,4.390161,5.0,102.5,0.12,3.9375
78.37508702278137,0.0,0.0,4.526819,5.0,103.5,0.12,1.625
78.5086989402771,0.0,0.0,4.612231,5.0,104.375,0.14,1.6875
78.64024448394775,0.0,0.0,4.646396,-5.0,105.125,-0.01,1.5
78.79431962966919,0.0,0.0,4.731807,-5.0,104.1875,-0.23,-3.6875
78.81835436820984,0.0,0.0,4.663478,-5.0,100.875,-0.14,-5.5625
78.95758032798767,0.0,0.0,4.714725,-5.0,99.1875,-0.28,-0.375
78.98272180557251,0.0,0.0,4.560984,-5.0,99.1875,-0.32,0.25
79.00726914405823,0.0,0.0,4.578066,-5.0,99.1875,0.07,-0.0625
79.1459653377533,0.0,0.0,4.560984,-5.0,99.1875,0.02,-0.0
79.18431186676025,0.0,0.0,4.526819,-5.0,99.1875,-0.04,-0.25
79.31964063644409,0.0,0.0,4.492655,5.0,99.1875,-0.16,-0.1875
79.45148968696594,0.0,0.0,4.492655,5.0,101.0625,-0.23,5.0
79.5874617099762,0.0,0.0,4.355996,5.0,104.8125,0.02,6.25
79.61614155769348,0.0,0.0,4.526819,5.0,106.25,0.07,1.5625
79.75015616416931,0.0,0.0,4.612231,5.0,107.1875,0.09,1.625
79.89789652824402,0.0,0.0,4.543901,5.0,107.5625,0.09,-0.75
80.02510643005371,0.0,0.0,4.663478,5.0,104.8125,0.07,-5.375
80.15245628356934,0.0,0.0,4.68056,5.0,101.625,-0.1,-4.6875
80.27110075950623,0.0,0.0,4.526819,5.0,100.9375,-0.13,-0.1875
80.29580664634705,0.0,0.0,4.526819,5.0,100.9375,-0.1,-0.4375
80.34000158309937,0.0,0.0,4.578066,5.0,100.9375,0.02,-0.125
80.36851119995117,0.0,0.0,4.543901,5.0,100.9375,0.0,0.3125
80.39424419403076,0.0,0.0,4.560984,5.0,100.9375,-0.53,-0.25
80.42043876647949,0.0,0.0,4.612231,5.0,100.9375,0.1,0.0625
80.54027581214905,0.0,0.0,4.629313,5.0,100.9375,0.03,-0.5
80.67194151878357,0.0,0.0,4.629313,5.0,100.9375,0.17,0.1875
80.77669215202332,0.0,0.0,4.629313,5.0,100.9375,-0.1,-0.0625
80.81834816932678,0.0,0.0,4.629313,5.0,100.9375,-0.04,0.1875
80.85863661766052,0.0,0.0,4.629313,5.0,100.9375,0.06,-0.125
80.88527393341064,0.0,0.0,4.629313,5.0,100.9375,-0.06,-0.0
81.00289487838745,0.0,0.0,4.629313,-5.0,100.9375,0.04,0.375
81.02919912338257,0.0,0.0,4.629313,-5.0,99.5,-0.41,-4.6875
81.12052369117737,0.0,0.0,4.629313,-5.0,92.6875,-0.24,-12.8125
81.14554452896118,0.0,0.0,4.629313,-5.0,80.25,-0.25,-19.75
81.23940634727478,0.0,0.0,4.629313,-5.0,66.5,-0.33,-20.5
81.33754515647888,0.0,0.0,4.629313,-5.0,48.1875,-0.56,-27.8125
81.36306762695312,0.0,0.0,4.629313,-5.0,28.5625,-0.71,-28.4375
81.47088861465454,0.0,0.0,4.629313,-5.0,10.625,-0.44,-24.0625
81.57466292381287,0.0,0.0,5.073454,-5.0,357.0625,-0.45,-21.625
81.5986909866333,0.0,0.0,5.039289,-5.0,346.4375,-0.79,-15.125
81.62285423278809,0.0,0.0,5.039289,-5.0,338.0625,-0.59,-11.25
81.64739799499512,0.0,0.0,5.056372,-5.0,332.8125,-0.48,-7.625
81.67192840576172,0.0,0.0,5.056372,0.0,329.5625,-0.38,-1.6875
81.81585502624512,0.0,0.0,5.056372,0.0,329.5,-0.54,-0.375
81.9330153465271,0.0,0.0,5.056372,-5.0,329.5,-0.39,-0.25
82.05934405326843,0.0,0.0,5.227195,0.0,327.75,-0.49,-6.4375
82.08480548858643,0.0,0.0,5.107619,0.0,324.75,-0.77,-2.375
82.10914039611816,0.0,0.0,5.107619,0.0,324.6875,-0.56,-0.125
82.1330132484436,0.0,0.0,5.107619,0.0,324.6875,-0.55,-0.25
82.15806007385254,0.0,0.0,5.107619,0.0,324.6875,-0.69,-0.25
82.28411626815796,0.0,0.0,5.107619,0.0,324.6875,-0.33,-0.4375
82.3998019695282,0.0,0.0,5.107619,0.0,324.6875,-0.58,-0.1875
82.52209067344666,0.0,0.0,5.107619,0.0,324.6875,-0.26,-0.0625
82.64758515357971,0.0,0.0,5.107619,0.0,324.6875,-0.42,0.0625
82.67402362823486,0.0,0.0,5.107619,0.0,324.6875,-0.28,-0.375
82.8106803894043,0.0,0.0,5.107619,0.0,324.625,-0.5,-0.0
82.96082735061646,0.0,0.0,5.175948,0.0,324.625,-0.22,0.1875
83.09446907043457,0.0,0.0,5.175948,0.0,324.625,-0.78,-0.375
83.12186217308044,0.0,0.0,5.124701,0.0,324.625,-0.43,0.3125
83.15381050109863,0.0,0.0,5.158866,0.0,324.625,-0.38,-0.0625
83.29239082336426,0.0,0.0,5.158866,0.0,324.625,-0.37,-0.0625
83.42866969108582,0.0,0.0,5.244277,0.0,324.625,-0.34,-0.3125
83.45315432548523,0.0,0.0,5.19303,0.0,324.625,0.0,-0.1875
83.60519576072693,0.0,0.0,5.19303,0.0,324.625,-0.38,-0.0625
83.75996255874634,0.0,0.0,5.124701,0.0,325.875,-0.2,4.0625
83.91224956512451,0.0,0.0,5.090537,0.0,330.0,0.1,6.75
84.04914212226868,0.0,0.0,5.175948,0.0,331.5,-0.43,1.375
84.18279552459717,0.0,0.0,5.124701,0.0,332.5,-0.39,1.375
84.31604361534119,0.0,0.0,5.141783,0.0,333.3125,-0.44,1.5
84.43856573104858,0.0,0.0,4.988042,0.0,334.1875,-0.67,1.3125
84.4628496170044,0.0,0.0,4.424325,0.0,334.9375,-0.95,1.4375
84.58050227165222,0.0,0.0,4.424325,0.0,335.6875,-0.02,1.4375
84.69956302642822,0.0,0.0,4.424325,0.0,334.9375,-0.1,-3.125
84.83264684677124,0.0,0.0,3.296891,0.0,332.6875,0.64,-4.0
84.85625100135803,0.0,0.0,3.296891,0.0,329.8125,-0.14,-3.75
84.98912930488586,0.0,0.0,3.296891,0.0,327.0,-0.54,-4.0625
85.1368567943573,0.0,0.0,3.348138,0.0,324.5625,-0.16,-3.8125
85.30682682991028,0.0,0.0,3.416467,0.0,322.9375,-0.41,-0.875
85.48246693611145,0.0,0.0,3.416467,0.0,322.9375,0.14,-0.125
85.65206480026245,0.0,0.0,3.877691,0.0,322.9375,0.25,-0.3125
85.82219457626343,0.0,0.0,4.509737,0.0,322.9375,0.09,-0.1875
85.99000263214111,0.0,0.0,4.868466,0.0,322.9375,0.13,-0.125
86.15628695487976,0.0,0.0,5.039289,0.0,322.9375,-0.49,-0.25
86.17930817604065,0.0,0.0,5.141783,0.0,322.9375,-0.31,-0.6875
86.20315384864807,0.0,0.0,5.244277,0.0,322.9375,-0.12,-0.1875
86.22652554512024,0.0,0.0,5.141783,0.0,322.9375,0.13,-0.0
86.24958729743958,0.0,0.0,5.278442,0.0,322.9375,0.1,-0.1875
86.41892337799072,0.0,0.0,5.278442,0.0,322.9375,0.17,-0.0625
86.4486813545227,0.0,0.0,5.227195,0.0,322.9375,-0.34,0.0625
86.47277164459229,0.0,0.0,5.227195,0.0,322.875,-0.19,-0.625
86.49601888656616,0.0,0.0,5.227195,0.0,322.875,-0.26,-0.1875
86.64335918426514,0.0,0.0,5.141783,0.0,325.0625,-0.02,7.1875
86.66659379005432,0.0,0.0,5.124701,0.0,328.5625,-0.26,3.5625
86.83267211914062,0.0,0.0,5.227195,0.0,329.625,-0.5,1.375
86.85630106925964,0.0,0.0,5.158866,0.0,330.5625,-0.42,1.1875
86.87902760505676,0.0,0.0,5.175948,0.0,331.5,-0.43,1.5
87.04709696769714,0.0,0.0,5.312607,0.0,332.3125,-0.18,1.625
87.0709068775177,0.0,0.0,5.19303,0.0,329.875,0.1,-6.6875
87.09524917602539,0.0,0.0,5.210113,-5.0,325.0,-0.33,-8.5625
87.2599847316742,0.0,0.0,5.124701,0.0,320.8125,-0.18,-7.8125
87.43588399887085,0.0,0.0,5.19303,0.0,317.625,-0.05,-2.75
87.60372161865234,0.0,0.0,5.278442,0.0,317.5,0.07,-0.5
87.77727770805359,0.0,0.0,5.19303,5.0,317.9375,-0.07,3.1875
87.93393278121948,0.0,0.0,5.158866,5.0,321.875,-0.04,7.625
87.95765948295593,0.0,0.0,5.175948,5.0,326.1875,-0.25,7.25
88.12540769577026,0.0,0.0,5.278442,5.0,327.9375,-0.51,1.5625
88.1485526561737,0.0,0.0,5.19303,5.0,328.875,0.4,1.75
88.31581449508667,0.0,0.0,5.175948,5.0,329.875,-0.6,1.4375
88.33913540840149,0.0,0.0,5.278442,5.0,330.75,-0.14,1.5
88.3625659942627,0.0,0.0,5.039289,5.0,331.6875,-0.16,1.625
88.53379702568054,0.0,0.0,5.19303,5.0,332.5625,-0.17,1.8125
88.71027874946594,0.0,0.0,5.346771,5.0,331.5,-0.29,-4.125
88.87753248214722,0.0,0.0,5.056372,5.0,328.25,-0.62,-3.75
89.04550361633301,0.0,0.0,5.056372,5.0,327.875,-0.42,-0.125
89.0716118812561,0.0,0.0,5.056372,5.0,327.8125,-0.27,-0.25
89.20016074180603,0.0,0.0,5.227195,5.0,327.8125,-0.16,0.5
89.37924003601074,0.0,0.0,5.312607,5.0,327.8125,-0.26,0.3125
89.4043824672699,0.0,0.0,5.210113,5.0,327.8125,-0.42,-0.125
89.43179535865784,0.0,0.0,5.107619,5.0,327.8125,0.2,0.0625
89.45683550834656,0.0,0.0,5.295525,5.0,327.8125,-0.04,0.125
89.63491606712341,0.0,0.0,5.19303,5.0,327.8125,-0.13,-0.375
89.65923523902893,0.0,0.0,5.175948,5.0,327.8125,-0.09,-0.0625
89.82790994644165,0.0,0.0,5.346771,5.0,327.8125,-0.49,-0.375
90.00248527526855,0.0,0.0,5.158866,5.0,327.8125,-0.14,0.1875
90.18872380256653,0.0,0.0,5.244277,5.0,327.8125,-0.1,-0.4375
90.36598253250122,0.0,0.0,5.295525,5.0,327.8125,0.0,-0.3125
90.53898048400879,0.0,0.0,5.210113,5.0,327.8125,-0.02,-0.0625
90.6965606212616,0.0,0.0,5.158866,5.0,327.75,-0.23,-0.0625
90.73420929908752,0.0,0.0,5.19303,5.0,327.8125,-0.19,-0.1875
90.76018023490906,0.0,0.0,5.278442,5.0,327.8125,-0.28,0.4375
90.87452459335327,0.0,0.0,5.124701,5.0,327.75,-0.17,0.1875
90.89819192886353,0.0,0.0,5.244277,5.0,327.8125,-0.67,-0.375